<?xml version="1.0" encoding="utf-8"?>
<SoundBanksInfo Platform="Windows" BasePlatform="Windows" SchemaVersion="16" SoundBankVersion="145">
	<RootPaths>
		<ProjectRoot>../..</ProjectRoot>
		<SourceFilesRoot>../../.cache/Windows</SourceFilesRoot>
		<SoundBanksRoot>.</SoundBanksRoot>
		<ExternalSourcesInputFile></ExternalSourcesInputFile>
		<ExternalSourcesOutputRoot>.</ExternalSourcesOutputRoot>
	</RootPaths>
	<DialogueEvents/>
	<SoundBanks>
		<SoundBank Id="1355168291" Type="User" Language="SFX" Hash="{986487A9-2683-E47A-8688-3D0FE6FDB954}">
			<ShortName>Init</ShortName>
			<Path>Init.bnk</Path>
			<Plugins>
				<AudioDevices>
					<Plugin Id="2317455096" Name="No_Output" LibName="No Output" LibId="11862023"/>
					<Plugin Id="3859886410" Name="System" LibName="System" LibId="11403271"/>
				</AudioDevices>
			</Plugins>
			<Busses>
				<Bus Id="3803692087" Name="Master Audio Bus"/>
			</Busses>
		</SoundBank>
		<SoundBank Id="4056684167" Type="User" Language="SFX" Hash="{8BE33A74-59F5-3D79-8A82-566ADAAA0834}">
			<ShortName>Master</ShortName>
			<Path>Master.bnk</Path>
			<Media>
				<File Id="76875162" Language="SFX" Streaming="false" Location="Memory">
					<ShortName>Sphinx_Tambourine.wav</ShortName>
					<CachePath>SFX/Sphinx_Tambourine_10C4C929.wem</CachePath>
				</File>
				<File Id="117990375" Language="SFX" Streaming="false" Location="Memory">
					<ShortName>TestSong_90bpm.wav</ShortName>
					<CachePath>SFX/TestSong_90bpm_3E38BA07.wem</CachePath>
				</File>
				<File Id="158859358" Language="SFX" Streaming="false" Location="Memory">
					<ShortName>NATHAN_CHAPMAN_tambourine_one_shot_bonfire.wav</ShortName>
					<CachePath>SFX/NATHAN_CHAPMAN_tambourine_one_shot_bonfire_10C4C929.wem</CachePath>
				</File>
				<File Id="273663118" Language="SFX" Streaming="false" Location="Memory">
					<ShortName>BNDLZ_perc_one_shot_clock_01.wav</ShortName>
					<CachePath>SFX/BNDLZ_perc_one_shot_clock_01_10C4C929.wem</CachePath>
				</File>
				<File Id="686272057" Language="SFX" Streaming="false" Location="Memory">
					<ShortName>MainSong_1.wav</ShortName>
					<CachePath>SFX/MainSong_1_D79FB2B7.wem</CachePath>
				</File>
			</Media>
			<Events>
				<Event Id="2938671170" Name="Count" DurationType="OneShot" DurationMin="0.8" DurationMax="0.8">
					<MediaRefs>
						<MediaRef Id="273663118"/>
					</MediaRefs>
				</Event>
				<Event Id="3903560121" Name="FadeOut" MaxAttenuation="0" DurationType="OneShot" DurationMin="0" DurationMax="0"/>
				<Event Id="2978212717" Name="ItemSound" DurationType="OneShot" DurationMin="0.8086848" DurationMax="0.8086848">
					<MediaRefs>
						<MediaRef Id="158859358"/>
					</MediaRefs>
				</Event>
				<Event Id="3863200005" Name="MainSong" DurationType="OneShot" DurationMin="89.09097" DurationMax="89.09097">
					<MediaRefs>
						<MediaRef Id="686272057"/>
					</MediaRefs>
				</Event>
				<Event Id="3937133458" Name="NoteSound" DurationType="OneShot" DurationMin="0.862517" DurationMax="0.862517">
					<MediaRefs>
						<MediaRef Id="76875162"/>
					</MediaRefs>
				</Event>
				<Event Id="118783190" Name="TestSong" DurationType="OneShot" DurationMin="31.999826" DurationMax="31.999826">
					<MediaRefs>
						<MediaRef Id="117990375"/>
					</MediaRefs>
				</Event>
			</Events>
		</SoundBank>
	</SoundBanks>
	<FileHash>{A75D3AB3-28E9-578B-A0A1-37B9C1D0C4EA}</FileHash>
</SoundBanksInfo>
